<?xml version="1.0" encoding="UTF-8"?>
<?NLS TYPE="org.eclipse.help.toc"?>

<toc label="Concepts"  link_to="toc.xml#concepts"> 
	<topic label="Refactorings"  href="html/concepts/refactorings/refactorings.html"> 
		<topic label="Convert Local Variable to Field" href="html/concepts/refactorings/convert_local_variable_to_field.html" />
		<topic label="Encapsulate Field" href="html/concepts/refactorings/encapsulate_field.html" />
		<topic label="Extract Method" href="html/concepts/refactorings/extract_method.html" />
		<topic label="Inline Class" href="html/concepts/refactorings/inline_class.html" />
		<topic label="Inline Local Variable" href="html/concepts/refactorings/inline_local_variable.html" />
		<topic label="Inline Method" href="html/concepts/refactorings/inline_method.html" />
		<topic label="Merge Class Parts in File" href="html/concepts/refactorings/merge_class_parts_in_file.html" />
		<topic label="Merge With External Class Parts" href="html/concepts/refactorings/merge_with_external_class_parts.html" />
		<topic label="Move Field" href="html/concepts/refactorings/move_field.html" />
		<topic label="Move Method" href="html/concepts/refactorings/move_method.html" />
		<topic label="Push Down" href="html/concepts/refactorings/push_down.html" />		
		<topic label="Rename" href="html/concepts/refactorings/rename.html" />
		<topic label="Split Local Variable" href="html/concepts/refactorings/split_local_variable.html" />
	</topic>
	<topic label="Source Generators" href="html/concepts/source_generators/source_generators.html">
		<topic label="Generate Accessors" href="html/concepts/source_generators/generate_accessors.html" /> 
		<topic label="Generate Constructor Using Fields" href="html/concepts/source_generators/generate_constructor_using_fields.html" /> 
		<topic label="Override Method" href="html/concepts/source_generators/override_method.html" /> 
	</topic> 
</toc>
